pipe_number,cost_GBP,execution_time_sec
183,32345.40981,1.924
376,4806.125388,1.924
