pipe_number,cost_GBP,execution_time_sec
332,116963.3324,3.887
378,407303.9011,3.887
527,69358.68076,3.887
906,38047.42917,3.887
