pipe_number,cost_GBP,execution_time_sec
183,32345.40981,1.735
261,47285.37586,1.735
906,38047.42917,1.735
