pipe_number,cost_GBP,execution_time_sec
261,47285.37586,5.158
376,4806.125388,5.158
906,38047.42917,5.158
