Avg supply int min,Cost,Diameter (mm),Downstream Properties,Expected Burst/year,Expected Int to Supply Prop min,Expected Leakage l/d,Expected Leakage l/h,Land ,Lenght (mm),Ref,burst_points,leakage_points,supply_points,total_points
2.479703418036223,38047.42916692774,50.0,85.0,3.241442376517939,49594.068360724465,2685.859160540652,111.91079835586049,Rural,152.18971666771094,906.0,7.758084708170013,8.355909765526917,2.8839147792801856,0.00011029944073006133
5.847623853148086,69358.68076193113,600.0,63.0,0.6187961749363053,116952.47706296171,546.1668537648072,22.7569522402003,Urban,34.67934038096556,527.0,1.605593200123408,1.8540924323196808,7.0027874289532885,9.122100096370093e-05
14.573247841799091,407303.9010627002,100.0,473.0,2.5675207614163305,291464.9568359818,1596.9788261505232,66.54078442293847,Urban,678.8398351045004,378.0,7.396411916427594,6.158842778919544,19.206646103296404,4.7155566281550885e-05
3.4139658058189872,116963.33235876416,600.0,56.0,0.40642450069273656,68279.31611637975,357.0496960366046,14.877070668191859,Urban,58.48166617938208,332.0,1.2643263578777706,1.467355258137426,5.569019176711015,4.7613376469379664e-05
