Avg supply int min,Cost,Diameter (mm),Downstream Properties,Expected Burst/year,Expected Int to Supply Prop min,Expected Leakage l/d,Expected Leakage l/h,Land ,Lenght (mm),Ref,burst_points,leakage_points,supply_points,total_points
2.479703418036223,38047.42916692774,50.0,85.0,3.241442376517939,49594.068360724465,2685.859160540652,111.91079835586049,Rural,152.18971666771094,906.0,7.758084708170013,8.355909765526917,2.8839147792801856,0.00020390562195759688
0.05022896919366667,4806.125388329648,300.0,9.0,0.372066438471605,1004.5793838733334,274.0914129448756,11.420475539369816,Rural,8.010208980549413,376.0,0.9654024504363402,0.9304680630138377,0.060151405574647064,0.00020086917681768235
1.7805401163308396,47285.375861874876,300.0,37.0,3.2081803897852965,35610.802326616795,2981.350241541425,124.22292673089271,Urban,39.40447988489573,261.0,8.953164988488618,10.966007722402187,2.15198374441032,0.00018934321289190283
