Avg supply int min,Cost,Diameter (mm),Downstream Properties,Expected Burst/year,Expected Int to Supply Prop min,Expected Leakage l/d,Expected Leakage l/h,Land ,Lenght (mm),Ref,burst_points,leakage_points,supply_points,total_points
2.479703418036223,38047.42916692774,50.0,85.0,3.241442376517939,49594.068360724465,2685.859160540652,111.91079835586049,Rural,152.18971666771094,906.0,7.758084708170013,8.355909765526917,2.8839147792801856,0.00021961824881430332
1.7805401163308396,47285.375861874876,300.0,37.0,3.2081803897852965,35610.802326616795,2981.350241541425,124.22292673089271,Urban,39.40447988489573,261.0,8.32427999274357,10.120897822402032,2.132275306435115,0.00021403864594343389
0.714524937086791,32345.40981496813,50.0,34.0,2.335048814009121,14290.49874173582,1996.0797377129502,83.16998907137292,Rural,129.38163925987251,183.0,6.608905379869693,7.5391989185839785,0.8743179873734827,0.00023308404381678746
