Avg supply int min,Cost,Diameter (mm),Downstream Properties,Expected Burst/year,Expected Int to Supply Prop min,Expected Leakage l/d,Expected Leakage l/h,Land ,Lenght (mm),Ref,burst_points,leakage_points,supply_points,total_points
2.479703418036223,38047.42916692774,50.0,85.0,3.241442376517939,49594.068360724465,2685.859160540652,111.91079835586049,Rural,152.18971666771094,906.0,7.758084708170013,8.355909765526917,2.8839147792801856,0.00010636146511573978
5.847623853148086,69358.68076193113,600.0,63.0,0.6187961749363053,116952.47706296171,546.1668537648072,22.7569522402003,Urban,34.67934038096556,527.0,1.605593200123408,1.8540924323196808,7.002787428953288,8.579015644737172e-05
1.7805401163308396,47285.375861874876,300.0,37.0,3.2081803897852965,35610.802326616795,2981.350241541425,124.22292673089271,Urban,39.40447988489573,261.0,8.460115024296293,10.312093568876293,2.2928378684534554,7.611368404591672e-05
0.714524937086791,32345.40981496813,50.0,34.0,2.335048814009121,14290.49874173582,1996.0797377129502,83.16998907137292,Rural,129.38163925987251,183.0,6.726715956076604,7.697998919869396,0.9417000072724979,5.522423813225417e-05
14.573247841799091,407303.9010627002,100.0,473.0,2.5675207614163305,291464.9568359818,1596.9788261505232,66.54078442293847,Urban,678.8398351045004,378.0,7.929828988271213,6.6724910693678625,19.389234526240088,4.529793546828836e-05
4.6577637132304375,143045.46916740978,600.0,327.0,0.09495950485688966,93155.27426460874,62.05745426139894,2.5857272608916224,Rural,143.04546916740978,645.0,0.31854394123797786,0.2778261528361012,7.68756358412002,5.374209773203698e-05
3.4139658058189872,116963.33235876416,600.0,56.0,0.40642450069273656,68279.31611637975,357.0496960366046,14.877070668191859,Urban,58.48166617938208,332.0,1.3677175366646022,1.6029356939278325,6.1039395101061595,5.2186778428844805e-05
0.29129702476523145,25299.94903485979,600.0,21.0,0.09247524595721633,5825.940495304629,65.78176663219209,2.7409069430080035,Urban,12.649974517429895,232.0,0.31551713252431246,0.3001309780242796,0.5546764555807717,2.1924014740761145e-05
2.371066853774335,117595.48370533712,300.0,111.0,1.424064176441042,47421.3370754867,1287.7953504362267,53.65813960150945,Urban,97.99623642111426,853.0,4.858777512083077,5.8755989358363765,4.514893207222268,3.839342349690388e-05
